id_line_edge,constellation_code,point1_ra,point1_dec,point2_ra,point2_dec
1,ORI,4.830833,6.950000,4.843611,8.900000
2,ORI,4.853611,5.600000,4.830833,6.950000
3,ORI,4.904167,2.450000,4.853611,5.600000
4,ORI,4.975833,1.716700,4.904167,2.450000
5,ORI,5.418889,6.350000,4.975833,1.716667
6,ORI,5.533611,-0.300000,5.418889,6.350000
7,ORI,5.408056,-2.383300,5.533611,-0.300000
8,ORI,5.293333,-6.850000,5.408056,-2.383333
9,ORI,5.242222,-8.200000,5.293333,-6.850000
10,ORI,5.796111,-9.666700,5.242222,-8.200000
11,ORI,5.679444,-1.950000,5.796111,-9.666667
12,ORI,5.919444,7.400000,5.679444,-1.950000
13,ORI,5.585556,9.933300,5.919444,7.400000
14,ORI,5.418889,6.350000,5.585556,9.933333
15,ORI,5.603333,-1.200000,5.679444,-1.950000
16,ORI,5.533611,-0.300000,5.603333,-1.200000
17,ORI,6.039722,9.650000,5.919444,7.400000
18,ORI,6.126389,14.766700,6.039722,9.650000
19,ORI,5.906389,20.266700,6.126389,14.766667
20,ORI,6.198889,14.216700,6.039722,9.650000
21,ORI,6.065278,20.133300,6.198889,14.216667
22,GEM,7.485278,31.783300,7.576667,31.883333
23,GEM,7.185833,30.250000,7.485278,31.783333
24,GEM,6.732222,25.133300,7.185833,30.250000
25,GEM,6.382778,22.516700,6.732222,25.133333
26,GEM,6.247778,22.500000,6.382778,22.516667
27,GEM,6.482778,20.216700,6.732222,25.133333
28,GEM,7.598889,26.900000,7.740833,24.400000
29,GEM,7.428889,27.800000,7.598889,26.900000
30,GEM,7.185833,30.250000,7.428889,27.800000
31,GEM,6.879722,33.966700,7.185833,30.250000
32,GEM,7.598889,26.900000,7.755278,28.016667
33,GEM,7.335278,21.983300,7.598889,26.900000
34,GEM,7.068611,20.566700,7.335278,21.983333
35,GEM,6.628611,16.400000,7.068611,20.566667
36,GEM,7.301667,16.533300,7.335278,21.983333
37,GEM,6.755000,12.900000,7.301667,16.533333
38,CNC,8.721389,21.466700,8.778333,28.766667
39,CNC,8.744722,18.150000,8.721389,21.466667
40,CNC,8.275278,9.200000,8.744722,18.150000
41,CNC,8.084444,13.116700,8.275278,9.200000
42,CNC,8.721389,21.466700,8.084444,13.116667
43,CNC,8.974722,11.866700,8.744722,18.150000
44,CMI,7.452500,8.283300,7.655000,5.233333
45,CMA,6.903333,-12.050000,6.935833,-17.050000
46,CMA,7.062500,-15.633300,6.903333,-12.050000
47,CMA,6.935833,-17.050000,7.062500,-15.633333
48,CMA,6.752500,-16.716700,6.935833,-17.050000
49,CMA,6.631667,-18.233300,6.752500,-16.716667
50,CMA,6.611389,-19.250000,6.631667,-18.233333
51,CMA,6.378333,-17.950000,6.611389,-19.250000
52,CMA,7.050556,-23.833300,6.752500,-16.716667
53,CMA,7.140000,-26.400000,7.050556,-23.833333
54,CMA,6.977222,-28.966700,7.140000,-26.400000
55,CMA,6.902222,-24.200000,6.977222,-28.966667
56,CMA,6.611389,-19.250000,6.902222,-24.200000
57,CMA,6.530833,-23.416700,6.611389,-19.250000
58,CMA,7.246667,-26.766700,7.140000,-26.400000
59,CMA,7.401389,-29.300000,7.246667,-26.766667
60,CMA,6.338333,-30.066700,6.977222,-28.966667
61,CMA,6.830556,-32.516700,6.977222,-28.966667
62,MON,6.548333,7.333300,6.682778,9.883333
63,MON,6.396111,4.600000,6.548333,7.333333
64,MON,6.797778,2.400000,6.396111,4.600000
65,MON,7.197500,-0.500000,6.797778,2.400000
66,MON,8.020278,-1.400000,7.197500,-0.500000
67,MON,8.143333,-2.983300,8.020278,-1.400000
68,MON,6.797778,2.400000,6.548333,7.333333
69,MON,7.687500,-9.550000,8.020278,-1.400000
70,MON,6.480278,-7.033300,7.197500,-0.500000
71,MON,6.247778,-6.283300,6.480278,-7.033333
72,LEP,5.545556,-17.833300,5.215556,-16.200000
73,LEP,5.782500,-14.833300,5.545556,-17.833333
74,LEP,5.940000,-14.166700,5.782500,-14.833333
75,LEP,6.102778,-14.950000,5.940000,-14.166667
76,LEP,5.855278,-20.866700,6.102778,-14.950000
77,LEP,5.741111,-22.450000,5.855278,-20.866667
78,LEP,5.470833,-20.750000,5.741111,-22.450000
79,LEP,5.545556,-17.833300,5.470833,-20.750000
80,LEP,5.091111,-22.366700,5.470833,-20.750000
81,LEP,5.215556,-16.200000,5.091111,-22.366667
82,LEP,5.326111,-13.183300,5.215556,-16.200000
83,LEP,5.220556,-12.950000,5.215556,-16.200000
84,SEX,10.505000,-0.630000,10.132222,-0.366667
85,SEX,9.875000,-8.100000,10.505000,-0.633333
86,SEX,10.132222,-0.370000,9.875000,-8.100000
87,PYX,8.726389,-33.200000,8.668333,-35.300000
88,PYX,8.842222,-27.700000,8.726389,-33.200000
89,TRI,2.158889,34.983300,1.884722,29.583333
90,TRI,2.288611,33.850000,2.158889,34.983333
91,TRI,1.884722,29.583300,2.288611,33.850000
92,ARI,1.910833,20.800000,1.891944,19.283333
93,ARI,2.119444,23.450000,1.910833,20.800000
94,ARI,2.833056,27.266700,2.119444,23.450000
95,LEO,11.235000,20.516700,11.817778,14.566667
96,LEO,11.038889,20.183300,11.235000,20.516667
97,LEO,10.333056,19.850000,11.038889,20.183333
98,LEO,10.278333,23.416700,10.333056,19.850000
99,LEO,9.879444,26.016700,10.278333,23.416667
100,LEO,9.410833,26.183300,9.879444,26.016667
101,LEO,9.528611,22.983300,9.410833,26.183333
102,LEO,9.764167,23.766700,9.528611,22.983333
103,LEO,10.122222,16.766700,9.764167,23.766667
104,LEO,11.237500,15.433300,10.122222,16.766667
105,LEO,11.235000,20.516700,11.237500,15.433333
106,LEO,9.879444,26.016700,9.764167,23.766667
107,LEO,10.122222,16.766700,9.685833,9.900000
108,LEO,10.139444,11.966700,10.122222,16.766667
109,LEO,10.131667,10.000000,10.139444,11.966667
110,LEO,11.237500,15.433300,10.546944,9.300000
111,LEO,11.398889,10.533300,11.237500,15.433333
112,LEO,11.352222,6.033300,11.398889,10.533333
113,LMI,10.888333,34.216700,10.464722,36.700000
114,LMI,10.123889,35.250000,10.888333,34.216667
115,LMI,10.464722,36.700000,10.123889,35.250000
116,LYN,9.313889,36.816700,9.350833,34.400000
117,LYN,8.380556,43.200000,9.313889,36.816667
118,LYN,7.445278,49.216700,8.380556,43.200000
119,LYN,6.954444,58.416700,7.445278,49.216667
120,LYN,6.326944,59.016700,6.954444,58.416667
121,VIR,11.845000,1.766700,11.764167,6.516667
122,VIR,12.331667,-0.666700,11.845000,1.766667
123,VIR,12.694444,-1.450000,12.331667,-0.666667
124,VIR,12.926667,3.383300,12.694444,-1.450000
125,VIR,13.036389,10.966700,12.926667,3.383333
126,VIR,13.165833,-5.533300,12.694444,-1.450000
127,VIR,13.419722,-11.150000,13.165833,-5.533333
128,VIR,14.266944,-6.000000,13.419722,-11.150000
129,VIR,14.717500,-5.650000,14.266944,-6.000000
130,VIR,13.578333,-0.600000,13.165833,-5.533333
131,VIR,14.027222,1.550000,13.578333,-0.600000
132,VIR,14.770833,1.900000,14.027222,1.550000
133,VEL,9.511667,-40.466700,10.779444,-49.433333
134,VEL,9.133333,-43.433300,9.511667,-40.466667
135,VEL,8.158889,-47.350000,9.133333,-43.433333
136,VEL,8.745278,-54.716700,8.158889,-47.350000
137,VEL,9.368611,-55.016700,8.745278,-54.716667
138,VEL,9.947778,-54.583300,9.368611,-55.016667
139,VEL,10.779444,-49.433300,9.947778,-54.583333
140,CEN,14.063889,-60.366700,14.660000,-60.833333
141,CEN,13.664722,-53.466700,14.063889,-60.366667
142,CEN,13.925556,-47.300000,13.664722,-53.466667
143,CEN,13.978056,-44.800000,13.925556,-47.300000
144,CEN,13.826944,-42.483300,13.978056,-44.800000
145,CEN,13.825000,-41.683300,13.826944,-42.483333
146,CEN,14.111389,-36.383300,13.825000,-41.683333
147,CEN,14.591667,-42.150000,14.985833,-42.100000
148,CEN,13.826944,-42.483300,14.591667,-42.150000
149,CEN,13.343056,-36.716700,13.826944,-42.483333
150,CEN,12.691944,-48.966700,13.925556,-47.300000
151,CEN,12.467500,-50.233300,12.691944,-48.966667
152,CEN,12.139167,-50.716700,12.467500,-50.233333
153,CEN,11.350278,-54.500000,12.139167,-50.716667
154,CEN,11.596389,-63.016700,11.350278,-54.500000
155,CRT,11.410278,-10.866700,11.611389,-9.800000
156,CRT,11.322222,-14.766700,11.410278,-10.866667
157,CRT,10.996111,-18.300000,11.322222,-14.766667
158,CRT,11.194167,-22.833300,10.996111,-18.300000
159,CRT,11.414722,-17.683300,11.194167,-22.833333
160,CRT,11.746111,-18.350000,11.414722,-17.683333
161,CRT,11.933611,-17.150000,11.746111,-18.350000
162,CRT,11.322222,-14.766700,11.414722,-17.683333
163,ANT,10.452778,-31.083300,10.945278,-37.133333
164,ANT,9.736667,-27.766700,10.452778,-31.083333
165,ANT,9.487500,-35.950000,9.736667,-27.766667
166,ANT,10.452778,-31.083300,9.487500,-35.950000
167,HYA,13.315278,-23.183300,14.106389,-26.683333
168,HYA,11.881667,-33.900000,13.315278,-23.183333
169,HYA,11.550000,-31.850000,11.881667,-33.900000
170,HYA,10.826944,-16.183300,11.550000,-31.850000
171,HYA,10.434722,-16.850000,10.826944,-16.183333
172,HYA,10.176389,-12.366700,10.434722,-16.850000
173,HYA,9.858056,-14.850000,10.176389,-12.366667
174,HYA,9.459722,-8.666700,9.858056,-14.850000
175,HYA,9.664167,-1.133300,9.459722,-8.666667
176,HYA,9.239444,2.316700,9.664167,-1.133333
177,HYA,8.923333,5.950000,9.239444,2.316667
178,HYA,8.779722,6.416700,8.923333,5.950000
179,HYA,8.627778,5.700000,8.779722,6.416667
180,HYA,8.646111,3.350000,8.627778,5.700000
181,HYA,8.720556,3.383300,8.646111,3.350000
182,HYA,8.923333,5.950000,8.720556,3.383333
183,PUP,7.821389,-24.866700,8.125833,-24.300000
184,PUP,8.059722,-40.000000,7.821389,-24.866667
185,PUP,7.285833,-37.100000,8.059722,-40.000000
186,PUP,7.487222,-43.300000,7.285833,-37.100000
187,PUP,8.059722,-40.000000,7.487222,-43.300000
188,PUP,7.226678,-44.650000,7.487222,-43.300000
189,PUP,6.629444,-43.183300,7.226678,-44.650000
190,PUP,6.832222,-50.616700,6.629444,-43.183333
191,PUP,7.226678,-44.650000,6.832222,-50.616667
192,COL,5.959167,-35.283300,6.368611,-33.433333
193,COL,5.849444,-35.766700,5.959167,-35.283333
194,COL,5.660833,-34.083300,5.849444,-35.766667
195,COL,5.520278,-35.483300,5.660833,-34.083333
196,COL,5.985833,-42.816700,5.849444,-35.766667
197,CAR,7.946389,-52.983300,6.399167,-52.683333
198,CAR,8.375278,-59.500000,7.946389,-52.983333
199,CAR,9.285000,-59.266700,8.375278,-59.500000
200,CAR,10.284716,-61.316700,9.285000,-59.266667
201,CAR,10.533740,-61.683300,10.284716,-61.316667
202,CAR,10.715833,-64.383300,10.533740,-61.683333
203,CAR,10.229167,-70.033300,10.715833,-64.383333
204,CAR,9.220000,-69.716700,10.229167,-70.033333
205,CAR,9.785000,-65.066700,9.220000,-69.716667
206,CAR,9.754167,-62.516700,9.785000,-65.066667
207,CAR,9.285000,-59.266700,9.754167,-62.516667
208,CAS,1.430278,60.233300,1.906667,63.683333
209,CAS,0.945000,60.716700,1.430278,60.233333
210,CAS,0.675278,56.533300,0.945000,60.716667
211,CAS,0.550000,62.933300,0.945000,60.716667
212,CAS,0.152778,59.150000,0.550000,62.933333
213,PIC,5.830556,-56.150000,6.803333,-61.933333
214,PIC,5.788056,-51.066700,5.830556,-56.150000
215,PIC,6.171667,-54.966700,5.788056,-51.066667
216,PIC,6.803333,-61.933300,6.171667,-54.966667
217,DOR,4.566667,-55.050000,4.266944,-51.483333
218,DOR,5.091944,-57.483300,4.566667,-55.050000
219,DOR,5.560278,-62.483300,5.091944,-57.483333
220,DOR,5.746389,-65.733300,5.560278,-62.483333
221,AND,0.655556,30.866700,0.139722,29.083333
222,AND,1.162222,35.616700,0.655556,30.866667
223,AND,0.945833,38.500000,1.162222,35.616667
224,AND,0.830278,41.083300,0.945833,38.500000
225,AND,1.158333,47.250000,0.830278,41.083333
226,AND,1.633056,48.616700,1.158333,47.250000
227,AND,1.162222,35.616700,0.614722,33.716667
228,AND,1.613333,41.400000,1.162222,35.616667
229,AND,2.064722,42.333300,1.613333,41.400000
230,AND,0.788889,24.266700,0.953611,23.416667
231,AND,0.642500,29.316700,0.788889,24.266667
232,AND,0.655556,30.866700,0.642500,29.316667
233,AND,0.614722,33.716700,0.655556,30.866667
234,AND,0.305556,36.783300,0.614722,33.716667
235,AND,0.285000,38.683300,0.305556,36.783333
236,AND,23.635556,43.266700,0.285000,38.683333
237,AND,23.635556,43.266700,23.031944,42.316667
238,AND,23.673611,44.333300,23.635556,43.266667
239,AND,23.626111,46.466700,23.673611,44.333333
240,TAU,3.452778,9.733300,3.413611,9.033333
241,TAU,4.011111,12.483300,3.452778,9.733333
242,TAU,4.330000,15.616700,4.011111,12.483333
243,TAU,4.477778,15.866700,4.330000,15.616667
244,TAU,4.598611,16.500000,4.477778,15.866667
245,TAU,5.627500,21.150000,4.598611,16.500000
246,TAU,4.476944,19.183300,5.438056,28.600000
247,TAU,4.382222,17.533300,4.476944,19.183333
248,TAU,4.330000,15.616700,4.382222,17.533333
249,TAU,3.791389,24.116700,4.476944,19.183333
250,AUR,5.992222,44.950000,5.992222,54.283333
251,AUR,5.278056,46.000000,5.992222,44.950000
252,AUR,5.992222,54.283300,5.278056,46.000000
253,AUR,5.032778,43.833300,5.278056,46.000000
254,AUR,5.041389,41.083300,5.032778,43.833333
255,AUR,4.950000,33.150000,5.041389,41.083333
256,AUR,5.438056,28.600000,4.950000,33.150000
257,AUR,5.995278,37.200000,5.438056,28.600000
258,AUR,5.992222,44.950000,5.995278,37.200000
259,HOR,2.709167,-50.800000,4.233333,-42.283333
260,HOR,2.623333,-52.550000,2.709167,-50.800000
261,HOR,2.677778,-54.550000,2.623333,-52.550000
262,CAE,4.700833,-37.133300,5.073611,-35.483333
263,CAE,4.675833,-41.866700,4.700833,-37.133333
264,CAE,4.513889,-44.950000,4.675833,-41.866667
265,SCL,23.815278,-28.133300,0.976667,-29.366667
266,SCL,23.313889,-32.533300,23.815278,-28.133333
267,SCL,23.549722,-37.816700,23.313889,-32.533333
268,SCL,0.465278,-33.016700,23.549722,-37.816667
269,SCL,0.976667,-29.366700,0.465278,-33.016667
270,CET,2.322500,-2.983300,2.658056,0.333333
271,CET,1.857500,-10.333300,2.322500,-2.983333
272,CET,1.400278,-8.183300,1.857500,-10.333333
273,CET,0.323889,-8.833300,1.400278,-8.183333
274,CET,0.726389,-17.983300,0.323889,-8.833333
275,CET,2.000278,-21.083300,0.726389,-17.983333
276,CET,2.658056,0.333300,2.000278,-21.083333
277,CET,2.721667,3.233300,2.658056,0.333333
278,CET,3.038056,4.100000,2.721667,3.233333
279,CET,2.995278,8.916700,3.038056,4.100000
280,CET,2.748889,10.116700,2.995278,8.916667
281,CET,2.469167,8.466700,2.748889,10.116667
282,CET,2.721667,3.233300,2.469167,8.466667
283,CET,1.734444,-15.933300,0.726389,-17.983333
284,FOR,2.818056,-32.416700,3.201111,-28.983333
285,FOR,2.075000,-29.300000,2.818056,-32.416667
286,PHE,0.436667,-43.683300,0.438056,-42.300000
287,PHE,1.101389,-46.716700,0.436667,-43.683333
288,PHE,1.472500,-43.316700,1.101389,-46.716667
289,PHE,1.520833,-49.083300,1.472500,-43.316667
290,PHE,1.101389,-46.716700,1.520833,-49.083333
291,PHE,1.139722,-55.250000,0.436667,-43.683333
292,PHE,0.722500,-57.466700,1.139722,-55.250000
293,PHE,0.156667,-45.750000,0.436667,-43.683333
294,PHE,23.584722,-42.616700,0.156667,-45.750000
295,PHE,23.787778,-50.233300,23.584722,-42.616667
296,PHE,0.156667,-45.750000,23.787778,-50.233333
297,CAM,5.056944,60.450000,4.954722,53.766667
298,CAM,4.900833,66.333300,5.056944,60.450000
299,CAM,3.839444,71.316700,4.900833,66.333333
300,CAM,6.314103,69.316700,4.900833,66.333333
301,CAM,7.001121,76.966700,6.314103,69.316667
302,ERI,1.932500,-51.600000,1.628333,-57.250000
303,ERI,2.275000,-51.516700,1.932500,-51.600000
304,ERI,2.449722,-47.700000,2.275000,-51.516667
305,ERI,2.677778,-39.850000,2.449722,-47.700000
306,ERI,2.970833,-40.300000,2.677778,-39.850000
307,ERI,4.298333,-33.800000,2.970833,-40.300000
308,ERI,4.400556,-34.016700,4.298333,-33.800000
309,ERI,4.592500,-30.566700,4.400556,-34.016667
310,ERI,4.558333,-29.766700,4.592500,-30.566667
311,ERI,3.998889,-24.016700,4.558333,-29.766667
312,ERI,3.895000,-24.600000,3.998889,-24.016667
313,ERI,3.780833,-23.250000,3.895000,-24.600000
314,ERI,3.563056,-21.633300,3.780833,-23.250000
315,ERI,3.325278,-21.750000,3.563056,-21.633333
316,ERI,3.040000,-23.616700,3.325278,-21.750000
317,ERI,2.850556,-21.000000,3.040000,-23.616667
318,ERI,2.751667,-18.583300,2.850556,-21.000000
319,ERI,2.940278,-8.900000,2.751667,-18.583333
320,ERI,3.263889,-8.816700,2.940278,-8.900000
321,ERI,3.548889,-9.466700,3.263889,-8.816667
322,ERI,3.720556,-9.766700,3.548889,-9.466667
323,ERI,3.769167,-12.100000,3.720556,-9.766667
324,ERI,3.967222,-13.516700,3.769167,-12.100000
325,ERI,4.197778,-6.833300,3.967222,-13.516667
326,ERI,4.605278,-3.350000,4.197778,-6.833333
327,ERI,4.758333,-3.250000,4.605278,-3.350000
328,ERI,5.130833,-5.083300,4.758333,-3.250000
329,PEG,23.063056,28.083300,0.139722,29.083333
330,PEG,22.716667,30.216700,23.063056,28.083333
331,PEG,22.166667,33.166700,22.716667,30.216667
332,PEG,0.220556,15.183300,0.139722,29.083333
333,PEG,23.079444,15.200000,0.220556,15.183333
334,PEG,23.063056,28.083300,23.079444,15.200000
335,PEG,22.833611,24.600000,23.063056,28.083333
336,PEG,22.775556,23.566700,22.833611,24.600000
337,PEG,22.116667,25.333300,22.775556,23.566667
338,PEG,21.744167,25.650000,22.116667,25.333333
339,PEG,22.690833,10.833300,23.079444,15.200000
340,PEG,22.170000,6.200000,22.690833,10.833333
341,PEG,21.736389,9.883300,22.170000,6.200000
342,PER,2.904444,52.766700,2.845000,55.900000
343,PER,3.080000,53.500000,2.904444,52.766667
344,PER,3.151111,49.616700,2.904444,52.766667
345,PER,3.405556,49.850000,3.151111,49.616667
346,PER,3.080000,53.500000,2.845000,55.900000
347,PER,3.405556,49.850000,3.080000,53.500000
348,PER,3.509444,48.000000,3.405556,49.850000
349,PER,3.753333,42.583300,3.509444,48.000000
350,PER,3.964167,40.000000,3.753333,42.583333
351,PER,3.982500,35.783300,3.964167,40.000000
352,PER,3.902222,31.883300,3.982500,35.783333
353,PER,3.738611,32.283300,3.902222,31.883333
354,PER,3.608333,48.200000,3.405556,49.850000
355,PER,3.715278,47.783300,3.608333,48.200000
356,PER,4.144444,47.716700,3.715278,47.783333
357,PER,4.248333,48.400000,4.144444,47.716667
358,PER,4.109722,50.350000,4.248333,48.400000
359,PER,3.158333,44.866700,3.151111,49.616667
360,PER,3.136389,40.950000,3.158333,44.866667
361,PER,3.964167,40.000000,3.136389,40.950000
362,PER,3.086389,38.833300,3.136389,40.950000
363,PER,2.843056,38.316700,3.086389,38.833333
364,PER,2.736667,49.216700,3.151111,49.616667
365,PER,1.727500,50.683300,2.736667,49.216667
366,PSC,1.194444,30.100000,1.229167,24.583333
367,PSC,1.324444,27.266700,1.194444,30.100000
368,PSC,1.229167,24.583300,1.324444,27.266667
369,PSC,1.524722,15.350000,1.229167,24.583333
370,PSC,1.756667,9.150000,1.524722,15.350000
371,PSC,2.033889,2.766700,1.756667,9.150000
372,PSC,1.892778,3.200000,2.033889,2.766667
373,PSC,1.690556,5.483300,1.892778,3.200000
374,PSC,1.048889,7.883300,1.690556,5.483333
375,PSC,0.811389,7.583300,1.048889,7.883333
376,PSC,23.988611,6.866700,0.811389,7.583333
377,PSC,23.665833,5.633300,23.988611,6.866667
378,PSC,23.466111,6.383300,23.665833,5.633333
379,PSC,23.286111,3.283300,23.466111,6.383333
380,PSC,23.448889,1.250000,23.286111,3.283333
381,PSC,23.700833,1.783300,23.448889,1.250000
382,PSC,23.665833,5.633300,23.700833,1.783333
383,PSC,23.064444,3.816700,23.286111,3.283333
384,UMA,13.398889,54.933300,13.792222,49.316667
385,UMA,12.900556,55.950000,13.398889,54.933333
386,UMA,12.257222,57.033300,12.900556,55.950000
387,UMA,11.062222,61.750000,12.257222,57.033333
388,UMA,9.525556,63.066700,11.062222,61.750000
389,UMA,8.504444,60.716700,9.525556,63.066667
390,UMA,8.986944,48.033300,8.504444,60.716667
391,UMA,9.060278,47.150000,8.986944,48.033333
392,UMA,10.371944,41.500000,9.060278,47.150000
393,UMA,11.303056,31.533300,10.371944,41.500000
394,UMA,11.308056,33.083300,11.303056,31.533333
395,UMA,11.161111,44.483300,11.308056,33.083333
396,UMA,11.767500,47.783300,11.161111,44.483333
397,UMA,13.792222,49.316700,11.767500,47.783333
398,UMA,11.896944,53.700000,12.257222,57.033333
399,UMA,11.030833,56.383300,11.896944,53.700000
400,UMA,11.062222,61.750000,11.030833,56.383333
401,UMA,9.849722,59.050000,9.525556,63.066667
402,UMA,9.868333,54.066700,9.849722,59.050000
403,UMA,9.547500,51.683300,9.868333,54.066667
404,UMA,10.285000,42.916700,9.547500,51.683333
405,UMA,10.371944,41.500000,10.285000,42.916667
406,UMI,17.536389,86.583300,2.520278,89.250000
407,UMI,16.766111,82.033300,17.536389,86.583333
408,UMI,15.734167,77.800000,16.766111,82.033333
409,UMI,16.291667,75.750000,15.734167,77.800000
410,UMI,15.345556,71.833300,16.291667,75.750000
411,UMI,14.845278,74.150000,15.345556,71.833333
412,UMI,15.734167,77.800000,14.845278,74.150000
413,CEP,22.828056,66.200000,23.655556,77.616667
414,CEP,22.180833,58.200000,22.828056,66.200000
415,CEP,21.309722,62.583300,22.180833,58.200000
416,CEP,21.477500,70.550000,21.309722,62.583333
417,CEP,23.655556,77.616700,21.477500,70.550000
418,CEP,22.828056,66.200000,21.477500,70.550000
419,CHA,10.591111,-78.600000,8.308889,-76.916667
420,CHA,12.305556,-79.300000,10.591111,-78.600000
421,CHA,10.763056,-80.550000,12.305556,-79.300000
422,CHA,8.344167,-77.483300,10.763056,-80.550000
423,CHA,8.308889,-76.916700,8.344167,-77.483333
424,CIR,14.708333,-64.966700,15.389722,-59.333333
425,CIR,15.291944,-58.800000,14.708333,-64.966667
426,COM,13.197778,27.883300,13.166389,17.516667
427,COM,12.448889,28.266700,13.197778,27.883333
428,CRA,18.729444,-38.316700,18.556389,-38.733333
429,CRA,18.978889,-37.100000,18.729444,-38.316667
430,CRA,19.106944,-37.050000,18.978889,-37.100000
431,CRA,19.157778,-37.916700,19.106944,-37.050000
432,CRA,19.167222,-39.333300,19.157778,-37.916667
433,CRA,19.138889,-40.500000,19.167222,-39.333333
434,CRA,19.051944,-42.100000,19.138889,-40.500000
435,CRA,18.814167,-43.666700,19.051944,-42.100000
436,CRA,18.558333,-42.316700,18.814167,-43.666667
437,CRB,15.463611,29.100000,15.548889,31.366667
438,CRB,15.578056,26.716700,15.463611,29.100000
439,CRB,15.712500,26.300000,15.578056,26.716667
440,CRB,15.826667,26.066700,15.712500,26.300000
441,CRB,15.959722,26.883300,15.826667,26.066667
442,CRB,16.023889,29.850000,15.959722,26.883333
443,CRU,12.252500,-58.750000,12.795556,-59.700000
444,CRU,12.443333,-63.100000,12.519444,-57.116667
445,CRV,12.168889,-22.616700,12.140000,-24.716667
446,CRV,12.263611,-17.533300,12.168889,-22.616667
447,CRV,12.497500,-16.516700,12.263611,-17.533333
448,CRV,12.573056,-23.400000,12.497500,-16.516667
449,CRV,12.168889,-22.616700,12.573056,-23.400000
450,CVN,12.562500,41.350000,12.933889,38.316667
451,CYG,19.842500,32.916700,19.512500,27.966667
452,CYG,19.983611,35.083300,19.842500,32.916667
453,CYG,20.370278,40.250000,19.983611,35.083333
454,CYG,20.690556,45.266700,20.370278,40.250000
455,CYG,20.770278,33.966700,21.215556,30.233333
456,CYG,20.370278,40.250000,20.770278,33.966667
457,CYG,19.749444,45.133300,20.370278,40.250000
458,CYG,19.495000,51.733300,19.749444,45.133333
459,DEL,20.625833,14.600000,20.553611,11.300000
460,DEL,20.660833,15.916700,20.625833,14.600000
461,DEL,20.777500,16.133300,20.660833,15.916667
462,DEL,20.724167,15.083300,20.777500,16.133333
463,DEL,20.625833,14.600000,20.724167,15.083333
464,DRA,12.558056,69.783300,11.523333,69.333333
465,DRA,14.073333,64.366700,12.558056,69.783333
466,DRA,15.415556,58.966700,14.073333,64.366667
467,DRA,16.031667,58.566700,15.415556,58.966667
468,DRA,16.399722,61.500000,16.031667,58.566667
469,DRA,17.146667,65.716700,16.399722,61.500000
470,DRA,18.351111,72.733300,17.146667,65.716667
471,DRA,19.259167,73.350000,18.351111,72.733333
472,DRA,19.802778,70.266700,19.259167,73.350000
473,DRA,19.209167,67.666700,19.802778,70.266667
474,DRA,17.892222,56.866700,19.209167,67.666667
475,DRA,17.536111,55.183300,17.892222,56.866667
476,DRA,17.507222,52.316700,17.536111,55.183333
477,DRA,17.943333,51.483300,17.507222,52.316667
478,DRA,17.892222,56.866700,17.943333,51.483333
479,EQU,21.241389,10.000000,21.263889,5.250000
480,EQU,21.172500,10.133300,21.241389,10.000000
481,GRU,22.711111,-46.883300,22.137222,-46.966667
482,GRU,23.172500,-45.250000,22.711111,-46.883333
483,GRU,22.809167,-51.316700,23.014722,-52.750000
484,GRU,22.711111,-46.883300,22.809167,-51.316667
485,GRU,22.487778,-43.483300,22.711111,-46.883333
486,GRU,22.260278,-41.350000,22.487778,-43.483333
487,GRU,22.101667,-39.550000,22.260278,-41.350000
488,GRU,21.898889,-37.366700,22.101667,-39.550000
489,HER,16.715000,38.933300,17.250833,36.800000
490,HER,16.688056,31.600000,16.715000,38.933333
491,HER,17.005000,30.916700,16.688056,31.600000
492,HER,17.250833,36.800000,17.005000,30.916667
493,HER,17.394722,37.133300,17.250833,36.800000
494,HER,17.937500,37.250000,17.394722,37.133333
495,HER,17.657500,46.016700,17.937500,37.250000
496,HER,16.328889,46.316700,17.657500,46.016667
497,HER,16.146111,44.933300,16.328889,46.316667
498,HER,16.568333,42.450000,16.146111,44.933333
499,HER,17.657500,46.016700,16.568333,42.450000
500,HER,16.503611,21.483300,17.005000,30.916667
501,HER,16.365556,19.150000,16.503611,21.483333
502,HER,17.774444,27.733300,17.005000,30.916667
503,HER,17.512222,26.100000,17.774444,27.733333
504,HER,17.250556,24.833300,17.512222,26.100000
505,HER,17.244167,14.383300,17.250556,24.833333
506,HER,17.962778,29.250000,17.774444,27.733333
507,HER,17.250833,36.800000,17.962778,29.250000
508,HER,18.125556,28.766700,17.962778,29.250000
509,HER,18.146111,20.816700,18.125556,28.766667
510,HER,18.395000,21.766700,18.146111,20.816667
511,HER,18.760833,20.550000,18.395000,21.766667
512,HER,18.783611,18.183300,18.760833,20.550000
513,HYI,3.787222,-74.250000,0.429167,-77.250000
514,HYI,2.659722,-68.266700,3.787222,-74.250000
515,HYI,2.362500,-68.666700,2.659722,-68.266667
516,HYI,1.979444,-61.566700,2.362500,-68.666667
517,IND,21.330833,-53.450000,20.626111,-47.283333
518,IND,21.965278,-54.983300,21.330833,-53.450000
519,IND,20.913611,-58.450000,21.330833,-53.450000
520,LAC,22.521389,50.283300,22.492222,47.716667
521,LAC,22.392778,52.233300,22.521389,50.283333
522,LAC,22.408611,49.466700,22.392778,52.233333
523,LAC,22.492222,47.716700,22.408611,49.466667
524,LAC,22.675278,44.266700,22.492222,47.716667
525,LAC,22.508056,43.133300,22.675278,44.266667
526,LAC,22.350556,46.533300,22.508056,43.133333
527,LAC,22.492222,47.716700,22.350556,46.533333
528,LAC,22.266389,37.750000,22.508056,43.133333
529,LIB,14.848056,-16.050000,15.067778,-25.283333
530,LIB,15.283333,-9.383300,14.848056,-16.050000
531,LIB,15.592222,-14.783300,15.283333,-9.383333
532,LIB,15.616944,-28.133300,15.592222,-14.783333
533,LIB,15.644444,-29.783300,15.616944,-28.133333
534,LIB,14.848056,-16.050000,15.592222,-14.783333
535,LUP,15.204722,-52.100000,14.698889,-47.400000
536,LUP,15.377778,-44.700000,15.204722,-52.100000
537,LUP,15.585833,-41.166700,15.377778,-44.700000
538,LUP,16.002222,-38.400000,15.585833,-41.166667
539,LUP,16.109722,-36.800000,16.002222,-38.400000
540,LUP,15.849167,-33.616700,16.109722,-36.800000
541,LUP,15.363611,-36.266700,15.849167,-33.616667
542,LUP,15.356111,-40.650000,15.363611,-36.266667
543,LUP,14.975556,-43.133300,15.356111,-40.650000
544,LUP,14.698889,-47.400000,14.975556,-43.133333
545,LUP,14.323333,-46.066700,14.698889,-47.400000
546,LYR,18.746389,37.600000,18.615556,38.783333
547,LYR,18.908333,36.900000,18.746389,37.600000
548,LYR,18.982222,32.683300,18.908333,36.900000
549,LYR,18.834444,33.366700,18.982222,32.683333
550,LYR,18.746389,37.600000,18.834444,33.366667
551,MEN,5.531389,-76.350000,6.170833,-74.750000
552,MEN,4.919722,-74.933300,5.531389,-76.350000
553,MEN,5.045278,-71.316700,4.919722,-74.933333
554,MIC,21.021667,-32.266700,20.832778,-33.783333
555,MIC,21.299167,-32.166700,21.021667,-32.266667
556,MIC,21.346111,-40.816700,21.299167,-32.166667
557,MIC,20.808056,-43.983300,21.346111,-40.816667
558,MIC,20.832778,-33.783300,20.808056,-43.983333
559,MUS,12.292778,-67.950000,11.760000,-66.716667
560,MUS,12.619722,-69.133300,12.292778,-67.950000
561,MUS,12.771389,-68.116700,12.619722,-69.133333
562,MUS,13.037778,-71.550000,12.771389,-68.116667
563,MUS,12.541111,-72.133300,13.037778,-71.550000
564,MUS,12.619722,-69.133300,12.541111,-72.133333
565,NOR,16.053611,-49.233300,16.108056,-45.166667
566,NOR,16.330556,-50.166700,16.053611,-49.233333
567,NOR,16.453056,-47.566700,16.330556,-50.166667
568,NOR,16.108056,-45.166700,16.453056,-47.566667
569,OCT,14.448889,-83.666700,22.767500,-81.383333
570,OCT,21.691389,-77.383300,14.448889,-83.666667
571,OCT,22.767500,-81.383300,21.691389,-77.383333
572,OPH,16.962222,9.383300,17.582222,12.566667
573,OPH,16.619167,-10.566700,16.962222,9.383333
574,OPH,17.173056,-15.716700,16.619167,-10.566667
575,OPH,17.724444,4.566700,17.173056,-15.716667
576,OPH,17.582222,12.566700,17.724444,4.566667
577,OPH,16.515278,1.983300,16.962222,9.383333
578,OPH,16.238889,-3.683300,16.515278,1.983333
579,OPH,16.305278,-4.700000,16.238889,-3.683333
580,OPH,17.798333,2.716700,17.724444,4.566667
581,OPH,18.029167,1.300000,17.798333,2.716667
582,OPH,18.090833,2.500000,18.029167,1.300000
583,OPH,18.010556,2.933300,18.090833,2.500000
584,OPH,16.518889,-16.616700,16.619167,-10.566667
585,OPH,16.450556,-18.466700,16.518889,-16.616667
586,OPH,16.401667,-20.033300,16.450556,-18.466667
587,OPH,16.535556,-21.466700,16.401667,-20.033333
588,OPH,17.350278,-21.100000,17.173056,-15.716667
589,OPH,17.366667,-25.000000,17.350278,-21.100000
590,OPH,17.439444,-24.183300,17.366667,-25.000000
591,PAV,20.145278,-66.183300,20.427222,-56.733333
592,PAV,20.749167,-66.200000,20.145278,-66.183333
593,PAV,21.440833,-65.366700,20.749167,-66.200000
594,PAV,20.427222,-56.733300,21.440833,-65.366667
595,PAV,18.949167,-67.250000,20.145278,-66.183333
596,PAV,18.717222,-71.433300,18.949167,-67.250000
597,PAV,20.009722,-72.900000,18.717222,-71.433333
598,PAV,20.145278,-66.183300,20.009722,-72.900000
599,PAV,18.870278,-62.183300,18.949167,-67.250000
600,PAV,18.522778,-62.266700,18.870278,-62.183333
601,PAV,18.387222,-61.483300,18.522778,-62.266667
602,PAV,18.142778,-63.666700,18.387222,-61.483333
603,PAV,18.522778,-62.266700,18.142778,-63.666667
604,PAV,17.762222,-64.733300,18.142778,-63.666667
605,PSA,22.525000,-32.350000,22.168889,-32.550000
606,PSA,22.875278,-32.866700,22.525000,-32.350000
607,PSA,22.932500,-32.533300,22.875278,-32.866667
608,PSA,22.960833,-29.616700,22.932500,-32.533333
609,PSA,22.677778,-27.050000,22.960833,-29.616667
610,PSA,22.168889,-32.550000,22.677778,-27.050000
611,PSA,21.795556,-30.900000,22.168889,-32.550000
612,PSA,21.749167,-33.033300,21.795556,-30.900000
613,PSA,22.139722,-33.000000,21.749167,-33.033333
614,PSA,22.168889,-32.550000,22.139722,-33.000000
615,RET,3.736667,-64.800000,4.240278,-62.466667
616,RET,3.979167,-61.400000,3.736667,-64.800000
617,RET,4.274444,-59.316700,3.979167,-61.400000
618,RET,4.240278,-62.466700,4.274444,-59.316667
619,SCO,17.560000,-37.100000,17.512778,-37.300000
620,SCO,17.708056,-39.033300,17.560000,-37.100000
621,SCO,17.793056,-40.116700,17.708056,-39.033333
622,SCO,17.621944,-43.000000,17.793056,-40.116667
623,SCO,17.202500,-43.233300,17.621944,-43.000000
624,SCO,16.909722,-42.350000,17.202500,-43.233333
625,SCO,16.872222,-38.016700,16.909722,-42.350000
626,SCO,16.836111,-34.300000,16.872222,-38.016667
627,SCO,16.598056,-28.216700,16.836111,-34.300000
628,SCO,16.490278,-26.433300,16.598056,-28.216667
629,SCO,16.353333,-25.583300,16.490278,-26.433333
630,SCO,16.200000,-19.466700,16.353333,-25.583333
631,SCO,16.090556,-19.800000,16.200000,-19.466667
632,SCO,16.005556,-22.616700,16.090556,-19.800000
633,SCO,15.948333,-29.216700,16.353333,-25.583333
634,SCO,15.980833,-26.116700,15.948333,-29.216667
635,SCT,18.586667,-8.250000,18.786111,-4.750000
636,SCT,18.486667,-14.566700,18.586667,-8.250000
637,SER1,15.940833,15.650000,15.769722,15.416667
638,SER1,15.812222,18.133300,15.940833,15.650000
639,SER1,15.769722,15.416700,15.812222,18.133333
640,SER1,15.580278,10.533300,15.769722,15.416667
641,SER1,15.738056,6.416700,15.580278,10.533333
642,SER1,15.846944,4.483300,15.738056,6.416667
643,SER1,15.826944,-3.416700,15.846944,4.483333
644,SER2,16.305278,-4.700000,15.826944,-3.416667
645,SER2,16.463611,-8.366700,16.305278,-4.700000
646,SER2,17.346944,-12.850000,16.463611,-8.366667
647,SER2,17.626667,-15.400000,17.346944,-12.850000
648,SER2,17.690278,-12.866700,17.626667,-15.400000
649,SER2,17.983611,-9.783300,17.690278,-12.866667
650,SER2,18.355000,-2.883300,17.983611,-9.783333
651,SER2,18.090833,2.500000,18.355000,-2.883333
652,SER2,18.010556,2.933300,18.090833,2.500000
653,SER2,18.122500,9.566700,18.010556,2.933333
654,SGE,19.789722,18.533300,19.979444,19.483333
655,SGE,19.668333,18.016700,19.789722,18.533333
656,SGE,19.683889,17.483300,19.789722,18.533333
657,SGR,19.115556,-27.666700,19.043611,-29.866667
658,SGR,18.921111,-26.300000,19.115556,-27.666667
659,SGR,18.761111,-27.000000,18.921111,-26.300000
660,SGR,19.043611,-29.866700,18.761111,-27.000000
661,SGR,18.466111,-25.433300,18.761111,-27.000000
662,SGR,18.350000,-29.816700,18.466111,-25.433333
663,SGR,18.096667,-30.433300,18.350000,-29.816667
664,SGR,18.402778,-34.383300,18.096667,-30.433333
665,SGR,18.350000,-29.816700,18.402778,-34.383333
666,SGR,19.043611,-29.866700,18.402778,-34.383333
667,SGR,19.398333,-40.616700,19.043611,-29.866667
668,SGR,19.377222,-44.466700,19.398333,-40.616667
669,APS,16.339167,-78.700000,14.797500,-79.033333
670,APS,16.557500,-78.883300,16.339167,-78.700000
671,APS,16.717778,-77.516700,16.557500,-78.883333
672,APS,16.339167,-78.700000,16.717778,-77.516667
673,AQL,19.424722,3.116700,19.770833,10.616667
674,AQL,19.104167,-4.883300,19.424722,3.116667
675,AQL,19.611944,-1.300000,19.104167,-4.883333
676,AQL,19.874722,1.000000,19.611944,-1.300000
677,AQL,20.188333,-0.816700,19.874722,1.000000
678,AQL,19.921944,6.400000,20.188333,-0.816667
679,AQL,19.846389,8.866700,19.921944,6.400000
680,AQL,19.770833,10.616700,19.846389,8.866667
681,AQL,19.090278,13.866700,19.770833,10.616667
682,AQL,18.993611,15.066700,19.090278,13.866667
683,AQR,22.360833,-1.383300,22.096389,-0.316667
684,AQR,22.589167,-0.116700,22.360833,-1.383333
685,AQR,22.421111,1.366700,22.589167,-0.116667
686,AQR,22.096389,-0.316700,22.421111,1.366667
687,AQR,21.526111,-5.583300,22.096389,-0.316667
688,AQR,21.160000,-11.383300,21.526111,-5.583333
689,AQR,20.877778,-8.983300,21.160000,-11.383333
690,AQR,20.794722,-9.500000,20.877778,-8.983333
691,AQR,22.107222,-13.866700,21.526111,-5.583333
692,AQR,22.055278,-2.150000,22.096389,-0.316667
693,AQR,22.280278,-7.783300,22.055278,-2.150000
694,AQR,22.876944,-7.583300,22.280278,-7.783333
695,AQR,23.238889,-6.050000,22.876944,-7.583333
696,AQR,23.264722,-9.083300,23.238889,-6.050000
697,AQR,22.910833,-15.816700,23.264722,-9.083333
698,AQR,22.826667,-13.583300,22.910833,-15.816667
699,AQR,22.876944,-7.583300,22.826667,-13.583333
700,AQR,23.382778,-20.100000,23.298333,-9.183333
701,AQR,23.434167,-20.633300,23.382778,-20.100000
702,AQR,23.554722,-20.916700,23.434167,-20.633333
703,AQR,23.157500,-21.166700,23.264722,-9.083333
704,AQR,23.165000,-22.450000,23.157500,-21.166667
705,AQR,23.111389,-23.750000,23.165000,-22.450000
706,ARA,17.421667,-55.533300,17.530833,-49.883333
707,ARA,17.423333,-56.383300,17.421667,-55.533333
708,ARA,17.518333,-60.683300,17.423333,-56.383333
709,ARA,16.977222,-55.983300,17.421667,-55.533333
710,ARA,16.977222,-55.983300,16.993056,-53.150000
711,ARA,16.829722,-59.050000,16.977222,-55.983333
712,VOL,8.132500,-68.616700,8.428889,-66.133333
713,VOL,7.696944,-72.600000,8.132500,-68.616667
714,VOL,7.145833,-70.500000,7.696944,-72.600000
715,VOL,8.132500,-68.616700,7.145833,-70.500000
716,VOL,9.040833,-66.400000,8.132500,-68.616667
717,VOL,8.428889,-66.133300,9.040833,-66.400000
718,VOL,8.132500,-68.616700,7.280556,-67.950000
719,VOL,8.651389,-70.383300,8.132500,-68.616667
720,VUL,19.478611,24.666700,19.891111,24.083333
721,VUL,19.270278,21.400000,19.478611,24.666667
722,BOO,14.273056,46.083300,14.420000,51.850000
723,BOO,13.911389,18.400000,14.273056,46.083333
724,BOO,13.824444,15.800000,13.911389,18.400000
725,BOO,14.530556,30.383300,14.534722,38.316667
726,BOO,14.261111,19.183300,14.530556,30.383333
727,BOO,14.685833,13.716700,14.261111,19.183333
728,BOO,14.749722,27.083300,14.685833,13.716667
729,BOO,15.258333,33.316700,14.749722,27.083333
730,BOO,15.032500,40.383300,15.258333,33.316667
731,BOO,14.534722,38.316700,15.032500,40.383333
732,BOO,14.273056,46.083300,14.534722,38.316667
733,BOO,15.408333,37.383300,15.258333,33.316667
734,BOO,14.578056,29.750000,14.530556,30.383333
735,BOO,14.749722,27.083300,14.578056,29.750000
736,CAP,21.668056,-16.666700,21.783889,-16.133333
737,CAP,21.370833,-16.833300,21.668056,-16.666667
738,CAP,21.099167,-17.233300,21.370833,-16.833333
739,CAP,20.350278,-14.783300,21.099167,-17.233333
740,CAP,20.300833,-12.533300,20.350278,-14.783333
741,CAP,21.478611,-21.816700,21.370833,-16.833333
742,CAP,21.444444,-22.416700,21.478611,-21.816667
743,CAP,21.099167,-17.233300,21.444444,-22.416667
744,CAP,21.073333,-19.850000,21.099167,-17.233333
745,CAP,20.480833,-17.816700,21.073333,-19.850000
746,CAP,20.350278,-14.783300,20.480833,-17.816667
747,CAP,21.118889,-25.000000,21.073333,-19.850000
748,CAP,20.768333,-25.266700,20.480833,-17.816667
749,CAP,20.863611,-26.933300,20.768333,-25.266667
750,TUC,23.998611,-65.583300,23.290556,-58.233333
751,TUC,0.334444,-64.883300,23.998611,-65.583333
752,TUC,0.525833,-62.966700,0.334444,-64.883333
753,TUC,23.290556,-58.233300,0.525833,-62.966667
754,TUC,22.308333,-60.250000,23.290556,-58.233333
755,TUC,23.290556,-58.233300,22.455278,-64.950000
756,TRA,15.919167,-63.433300,16.811111,-69.033333
757,TRA,15.611944,-66.316700,15.919167,-63.433333
758,TRA,15.315278,-68.683300,15.611944,-66.316667
759,TRA,16.811111,-69.033300,15.315278,-68.683333
760,TEL,18.449722,-45.966700,18.186944,-45.950000
761,TEL,18.529167,-45.916700,18.449722,-45.966667
762,TEL,19.586944,-48.100000,18.529167,-45.916667
763,TEL,19.380833,-54.433300,19.586944,-48.100000
764,TEL,18.974444,-52.933300,19.380833,-54.433333
765,TEL,18.480556,-49.066700,18.974444,-52.933333
766,TEL,18.186944,-45.950000,18.480556,-49.066667
